job_title,company,experience_years,salary_min,remote_friendly
Recruiter,Agencyhires,3,100000,1
Senior Product Owner,Raketech,5,100000,1
Lead Graphic Designer,HYER Boots,5,100000,1
V104 - Intake Specialist | Intake and Conversion Specialist,Job Duck,1,100000,1
"Journalist, Senior",Postmedia Network Inc.,5,39000,1
PPC Coordinator  & Display Ads Specialist,"Day Translations, Inc.",2,100000,1
Junior UX/UI Designer Mobile & Apps (m/w/d),apploft GmbH,2,100000,1
(Managing) Salesforce Consultant (m/w/d),mindsquare AG,5,100000,1
Cybersecurity Red Team – Penetration Tester (Remote),Techno Vista Dinamics,5,100000,1
Senior Business Development Manager,Growe,3,100000,1
Talent Operations Manager,Agencyhires,5,100000,1
Executive Assistant & Operational Partner,ScholarshipOwl,3,100000,1
"Shopify Web Designer & Site Administrator - Freelance, Remote",Magic,3,100000,1
Marketing Coordinator,Interdependence Public Relations,5,100000,1
Business Development Director,Viderity,10,140000,1
VIP QA Team Lead,Growe,5,100000,1
Join Delrin's Talent Pool,Delrin,70,100000,1
Marketing Manager,Tjekvik,3,100000,1
Domain Advisor Consultant (Subject Matter Expert),Invisible Technologies,5,100000,1
VIP CRM Manager,Growe,2,100000,1
